-- ============================================
-- 智能种植周期管理系统 - 完整数据重置脚本
-- ============================================

-- 1. 删除测试作物
DELETE FROM crop WHERE name LIKE '%测试%';

-- 2. 重置种植计划表
SET FOREIGN_KEY_CHECKS=0;
TRUNCATE TABLE planting_plan;
SET FOREIGN_KEY_CHECKS=1;

INSERT INTO planting_plan (id, crop_id, plot_id, planting_date, expected_harvest_date, status, remark) VALUES
(1, 1, 1, '2026-04-22', '2026-11-28', '进行中', '春季小麦播种，优质品种'),
(2, 1, 6, '2026-05-13', '2026-12-19', '未开始', '小麦玉米轮作区，第二季小麦'),
(3, 1, 10, '2026-02-22', '2026-09-30', '已完成', '高产创建示范田，春季小麦'),
(4, 2, 3, '2026-05-06', '2026-10-03', '未开始', '水稻试验田，杂交水稻品种'),
(5, 2, 7, '2026-05-20', '2026-10-17', '未开始', '改良盐碱地种植耐盐水稻'),
(6, 3, 2, '2026-04-29', '2026-08-27', '进行中', '春季玉米播种，郑单958品种'),
(7, 3, 6, '2026-05-27', '2026-09-24', '未开始', '小麦收获后种植夏玉米'),
(8, 3, 9, '2026-04-15', '2026-08-15', '进行中', '早春玉米，覆膜栽培'),
(9, 4, 4, '2026-05-10', '2026-09-20', '未开始', '大豆种植，轮作倒茬'),
(10, 4, 5, '2026-05-25', '2026-10-05', '未开始', '夏大豆种植'),
(11, 5, 8, '2026-03-15', '2026-07-10', '已完成', '春季马铃薯，早熟品种'),
(12, 5, 5, '2026-08-20', '2026-12-15', '未开始', '秋马铃薯种植');

ALTER TABLE planting_plan AUTO_INCREMENT = 13;

-- ============================================

-- 3. 重置物候期记录表
SET FOREIGN_KEY_CHECKS=0;
TRUNCATE TABLE phenology_record;
SET FOREIGN_KEY_CHECKS=1;

INSERT INTO phenology_record (plan_id, phenology_name, record_date, description, environmental_data) VALUES
-- 种植计划1：小麦-平原一号田
(1, '播种期', '2026-04-22', '春季小麦播种完成，播种深度3-4cm，行距20cm，播种量180kg/公顷', '{"temperature":15,"humidity":65,"soilMoisture":70,"weather":"晴"}'),
(1, '出苗期', '2026-04-29', '小麦出苗整齐，出苗率达95%，苗高8-10cm，叶片3-4片', '{"temperature":18,"humidity":60,"soilMoisture":68,"weather":"多云"}'),
(1, '分蘖期', '2026-05-06', '小麦进入分蘖期，平均分蘖数3-4个，植株生长健壮，叶色浓绿', '{"temperature":20,"humidity":55,"soilMoisture":65,"weather":"晴"}'),

-- 种植计划2：小麦-齐河一号田
(2, '播种期', '2026-05-13', '第二季小麦播种，轮作区播种完成', '{"temperature":19,"humidity":62,"soilMoisture":70,"weather":"多云"}'),

-- 种植计划3：小麦-陵城一号田
(3, '播种期', '2026-02-22', '春季小麦播种，高产示范田', '{"temperature":12,"humidity":70,"soilMoisture":75,"weather":"晴"}'),
(3, '出苗期', '2026-03-10', '小麦出苗整齐，出苗率达98%', '{"temperature":15,"humidity":65,"soilMoisture":70,"weather":"晴"}'),
(3, '分蘖期', '2026-03-25', '小麦分蘖良好，平均分蘖数4-5个', '{"temperature":18,"humidity":60,"soilMoisture":68,"weather":"多云"}'),

-- 种植计划4：水稻-平原三号田
(4, '播种期', '2026-05-06', '水稻播种，杂交水稻品种', '{"temperature":20,"humidity":75,"soilMoisture":85,"weather":"晴"}'),
(4, '出苗期', '2026-05-15', '水稻出苗整齐，苗高10-12cm', '{"temperature":22,"humidity":78,"soilMoisture":88,"weather":"多云"}'),

-- 种植计划5：水稻-齐河二号田
(5, '播种期', '2026-05-20', '耐盐水稻播种，改良盐碱地', '{"temperature":21,"humidity":76,"soilMoisture":86,"weather":"晴"}'),

-- 种植计划6：玉米-平原二号田
(6, '播种期', '2026-04-29', '春季玉米播种，郑单958品种', '{"temperature":17,"humidity":58,"soilMoisture":72,"weather":"晴"}'),
(6, '出苗期', '2026-05-08', '玉米出苗整齐，出苗率96%', '{"temperature":19,"humidity":60,"soilMoisture":70,"weather":"多云"}'),

-- 种植计划7：玉米-齐河一号田
(7, '播种期', '2026-05-27', '夏玉米播种，小麦收获后种植', '{"temperature":22,"humidity":62,"soilMoisture":68,"weather":"晴"}'),

-- 种植计划8：玉米-宁津一号田
(8, '播种期', '2026-04-15', '早春玉米播种，覆膜栽培', '{"temperature":16,"humidity":65,"soilMoisture":75,"weather":"晴"}'),
(8, '出苗期', '2026-04-25', '玉米出苗良好，覆膜保温效果好', '{"temperature":18,"humidity":60,"soilMoisture":72,"weather":"多云"}'),

-- 种植计划9：大豆-禹城一号田
(9, '播种期', '2026-05-10', '大豆播种，轮作倒茬', '{"temperature":18,"humidity":62,"soilMoisture":70,"weather":"晴"}'),

-- 种植计划10：大豆-禹城二号田
(10, '播种期', '2026-05-25', '夏大豆播种', '{"temperature":20,"humidity":60,"soilMoisture":68,"weather":"多云"}'),

-- 种植计划11：马铃薯-乐陵一号田
(11, '播种期', '2026-03-15', '春季马铃薯播种，早熟品种', '{"temperature":14,"humidity":68,"soilMoisture":75,"weather":"晴"}'),
(11, '出苗期', '2026-04-05', '马铃薯出苗整齐，苗高15-18cm', '{"temperature":16,"humidity":65,"soilMoisture":72,"weather":"多云"}'),
(11, '现蕾期', '2026-04-20', '马铃薯进入现蕾期，植株生长旺盛', '{"temperature":18,"humidity":60,"soilMoisture":68,"weather":"晴"}'),

-- 种植计划12：马铃薯-禹城二号田
(12, '播种期', '2026-08-20', '秋马铃薯播种', '{"temperature":25,"humidity":70,"soilMoisture":72,"weather":"晴"}');

-- ============================================

-- 4. 重置采收记录表
SET FOREIGN_KEY_CHECKS=0;
TRUNCATE TABLE harvest_record;
SET FOREIGN_KEY_CHECKS=1;

INSERT INTO harvest_record (plan_id, harvest_date, harvest_quantity, harvest_area, quality_grade, moisture_content, protein_content, harvest_method, buyer, sale_amount, remark) VALUES
(1, '2026-11-15', 4800.0, 8500.0, '优', 12.8, 14.5, '机械收割', '粮食收购站', 12000.0, '春季小麦采收，品质优良，达到一等品标准'),
(2, '2026-12-10', 4200.0, 7800.0, '良', 13.2, 13.8, '机械收割', '粮食收购站', 10500.0, '第二季小麦采收，品质良好'),
(3, '2026-09-30', 5500.0, 8900.0, '优', 12.5, 14.2, '机械收割', '粮食收购站', 13750.0, '优质小麦品种，籽粒饱满，品质优良，达到一等品标准'),
(4, '2026-10-01', 6200.0, 6800.0, '优', 14.5, 7.8, '机械收割', '大米加工厂', 18600.0, '杂交水稻采收，产量高，米质优良'),
(5, '2026-10-15', 5800.0, 6400.0, '良', 15.0, 7.5, '机械收割', '大米加工厂', 17400.0, '耐盐水稻采收，品质良好'),
(6, '2026-08-20', 3200.0, 7200.0, '良', 13.8, 9.5, '机械收割', '饲料公司', 7040.0, '玉米品质良好，颗粒饱满，含水量适中'),
(7, '2026-09-20', 3500.0, 7800.0, '良', 14.2, 9.3, '机械收割', '饲料公司', 7700.0, '夏玉米采收，品质良好'),
(8, '2026-08-10', 2800.0, 7300.0, '良', 14.0, 9.2, '机械收割', '饲料公司', 6160.0, '早春玉米采收，品质良好'),
(9, '2026-09-15', 380.0, 9200.0, '优', 11.2, 42.5, '机械收割', '油脂加工厂', 1900.0, '大豆品质优良，蛋白含量高，达到一等品标准'),
(10, '2026-10-01', 350.0, 5600.0, '良', 11.8, 41.2, '机械收割', '油脂加工厂', 1750.0, '夏大豆采收，品质良好'),
(11, '2026-07-05', 4500.0, 5100.0, '优', 78.5, 2.1, '人工采摘', '蔬菜批发市场', 6750.0, '马铃薯产量高，个头均匀，适合市场销售'),
(12, '2026-12-10', 4200.0, 5600.0, '良', 79.0, 2.0, '人工采摘', '蔬菜批发市场', 6300.0, '秋马铃薯采收，品质良好');

-- ============================================

-- 5. 重置产量预估表
SET FOREIGN_KEY_CHECKS=0;
TRUNCATE TABLE yield_prediction;
SET FOREIGN_KEY_CHECKS=1;

INSERT INTO yield_prediction (plan_id, prediction_date, predicted_yield, prediction_method, confidence_level, growth_stage, weather_impact, fertilizer_impact, water_impact, remark) VALUES
(1, '2026-04-22', 4800.0, '历史数据预测', '高', '播种期', '天气条件良好，有利于小麦生长', '施肥充足，营养供给良好', '灌溉条件良好，水分充足', '预计亩产4800公斤，比去年增长5%'),
(2, '2026-05-13', 4200.0, '历史数据预测', '中', '播种期', '气候条件适宜', '土壤肥力中等', '灌溉条件良好', '预计亩产4200公斤'),
(3, '2026-02-22', 5500.0, '历史数据预测', '高', '播种期', '预计气候条件适宜', '土壤肥力良好', '水源充足，灌溉条件好', '预计亩产5500公斤，高产示范田'),
(4, '2026-05-06', 6200.0, '生长模型预测', '高', '播种期', '预计气候条件适宜', '土壤肥力良好', '水源充足，灌溉条件好', '预计亩产6200公斤，杂交水稻品种优势明显'),
(5, '2026-05-20', 5800.0, '生长模型预测', '中', '播种期', '气候条件适宜', '土壤改良中，肥力中等', '灌溉条件良好', '预计亩产5800公斤，耐盐水稻'),
(6, '2026-04-29', 3200.0, '历史数据预测', '中', '播种期', '气温适宜，光照充足', '基肥充足，需追肥', '土壤湿度适中', '预计亩产3200公斤'),
(7, '2026-05-27', 3500.0, '历史数据预测', '中', '播种期', '气候条件良好', '土壤肥力良好', '灌溉条件良好', '预计亩产3500公斤'),
(8, '2026-04-15', 2800.0, '历史数据预测', '高', '播种期', '早春气温回升快', '覆膜保温效果好', '土壤湿度适中', '预计亩产2800公斤'),
(9, '2026-05-10', 380.0, '专家经验预测', '中', '播种期', '气候条件适宜', '土壤肥力良好', '灌溉条件良好', '预计亩产380公斤'),
(10, '2026-05-25', 350.0, '专家经验预测', '中', '播种期', '气候条件适宜', '土壤肥力中等', '灌溉条件良好', '预计亩产350公斤'),
(11, '2026-03-15', 4500.0, '历史数据预测', '高', '播种期', '春季气候适宜', '土壤疏松，适合马铃薯生长', '灌溉条件良好', '预计亩产4500公斤'),
(12, '2026-08-20', 4200.0, '历史数据预测', '中', '播种期', '秋季气候适宜', '土壤条件良好', '灌溉条件良好', '预计亩产4200公斤');

-- ============================================
-- 数据重置完成
-- ============================================
